index, time gurobi[s], time heuristic1[s], gap1[%], time heuristic2[s], gap2[%], time heuristic3[s], gap3[%]
1, 0.14563679695129395, 0.0009996891021728516, 1.0416666666673953, 0.0009984970092773438, 1.0416666666673953, 0.3610973358154297, 0.31597042871975983
2, 0.06162714958190918, 0.001998424530029297, 0.6944444444444641, 0.03655290603637695, 0.6944444444444641, 5.928516387939453, 1.3909893444189954
3, 0.30434393882751465, 0.001953601837158203, 0.0, 0.43818092346191406, 1.8461538461538411, 30.95884084701538, 0.7373705962603188
4, 1.0270230770111084, 0.005013942718505859, 1.663284894430458e-11, 1.4869821071624756, 4.142011834335471, 83.92603349685669, 0.5706632653226607
5, 0.7260448932647705, 0.018000125885009766, 0.6756756756756733, 7.749472379684448, 5.405405405405399, 334.25744009017944, 0.9496059124191143
