index, time gurobi, time heuristic1, gap1[%], time heuristic2, gap2[%], time heuristic3, gap3[%]
1, 0.2035977840423584, 0.0009996891021728516, 2.2058823529412046, 0.0009984970092773438, 2.2058823529412046, 0.2680652141571045, 2.3275161658061085
2, 0.2097940444946289, 0.0010001659393310547, 0.31250026052521673, 0.03299975395202637, 0.31250026052521673, 5.8280932903289795, 2.36933446731309
3, 0.09083199501037598, 0.0020003318786621094, 0.5305039787798632, 0.44141650199890137, 2.3668639053254608, 28.788416624069214, 3.91389508975464
4, 2.9234769344329834, 0.003003358840942383, 0.48076950196960344, 1.5006129741668701, 4.142012095542631, 81.677973985672, 3.7911479872492153
5, 0.8558602333068848, 0.004998445510864258, 0.7518796992481163, 7.184844970703125, 4.761904761904757, 244.91373467445374, 4.0398787393879845
