index, time gurobi[s], time heuristic1[s], gap1[%], time heuristic2[s], gap2[%], time heuristic3[s], gap3[%]
1,0.145636797,0.000999689,1.041666667,0,1.041666667,0.361097336,0.315970429
2,0.06162715,0.001998425,0.694444444,0.030021667,0.694444444,5.928516388,1.390989344
3,0.304343939,0.001953602,0,0.348857641,1.846153846,30.95884085,0.737370596
4,1.027023077,0.005013943,1.66E-11,1.136836529,4.142011834,83.9260335,0.570663265
5,0.726044893,0.018000126,0.675675676,7.468834162,5.405405405,334.2574401,0.949605912
