index, time gurobi[s], time heuristic1[s], gap1[%], time heuristic2[s], gap2[%], time heuristic3[s], gap3[%]
1, 0.04815244674682617, 0.0009999275207519531, 0.0, 0.0010006427764892578, 5.454545454545448, 0.42461061477661133, 1.2814903372115964
2, 0.06599807739257812, 0.0020055770874023438, 5.765085378780481e-12, 0.02519845962524414, 2.1212121212177735, 4.779710531234741, 0.6199742054439471
3, 0.051522254943847656, 0.001992464065551758, 0.966183574883864, 0.3533778190612793, 7.407407407411734, 31.656413555145264, 1.222894173390799
4, 0.49828076362609863, 0.004002809524536133, 0.4137931034483235, 1.8198647499084473, 1.724137931034531, 116.73093962669373, 0.7632672634271679
5, 0.6274814605712891, 0.004002809524536133, 0.3484320557491277, 6.672394752502441, 4.878048780487801, 266.76170802116394, 0.6258596871236245
