descripsion, objective function result

[810.0, 843.0, 821.0], 1.3181818181818181
[405.0, 421.0, 410.0], 0.642857142857147
[270.0, 281.0, 273.0], 0.4285714287142859

[20.0, 19.0, 21.0], 1.3181818181818181
[1.0, 19.0, 40.0], 1.1818181952326707

[array([14., 22., 23.]), array([ 7., 15., 10.])], 1.3181818181818181
[array([ 1., 22., 36.]), array([ 1., 15., 16.])], 1.3125000200973378
